experiment,seed,n,E_exact,E_learned,E_rel,L2,integral,collapse,path
A1,0,1,0.5,0.7139090895652771,0.4278181791296986,0.08454884373959423,0.9998601078987122,False,outputs/Harmonic/runs/A1_seed0/mode_1/metrics.json
A1,1,1,0.5,0.7140967845916748,0.42819356918249324,0.08386914906368292,0.9998593330383301,False,outputs/Harmonic/runs/A1_seed1/mode_1/metrics.json
A1,2,1,0.5,0.7143034338951111,0.42860686778936496,0.08292384980653045,0.999851405620575,False,outputs/Harmonic/runs/A1_seed2/mode_1/metrics.json
A1,3,1,0.5,0.7140496373176575,0.42809927463445874,0.08404800577428022,0.9998589158058167,False,outputs/Harmonic/runs/A1_seed3/mode_1/metrics.json
A1,4,1,0.5,0.7153823971748352,0.4307647943488089,0.07845782771041222,0.9998351335525513,False,outputs/Harmonic/runs/A1_seed4/mode_1/metrics.json
A1,0,2,1.5,2.1413521766662598,0.4275681177772214,0.1473750042668583,0.9997531175613403,False,outputs/Harmonic/runs/A1_seed0/mode_2/metrics.json
A1,1,2,1.5,2.1406824588775635,0.4271216392514242,0.14898442348415233,0.9997584819793701,False,outputs/Harmonic/runs/A1_seed1/mode_2/metrics.json
A1,2,2,1.5,2.138836622238159,0.42589108149182214,0.15158493527775146,0.9997706413269043,False,outputs/Harmonic/runs/A1_seed2/mode_2/metrics.json
A1,3,2,1.5,2.1441187858581543,0.4294125239051499,0.14038676442985182,0.9997111558914185,False,outputs/Harmonic/runs/A1_seed3/mode_2/metrics.json
A1,4,2,1.5,2.1416611671447754,0.42777411142956506,0.14656026270406058,0.9997471570968628,False,outputs/Harmonic/runs/A1_seed4/mode_2/metrics.json
A1,0,3,2.5,2.2526028156280518,0.09895887374873971,1.4137640965528828,0.9991085529327393,False,outputs/Harmonic/runs/A1_seed0/mode_3/metrics.json
A1,1,3,2.5,2.1714842319488525,0.13140630722040642,1.4141655778189783,0.9998989105224609,False,outputs/Harmonic/runs/A1_seed1/mode_3/metrics.json
A1,2,3,2.5,2.187216281890869,0.1251134872436023,1.4141421666306084,0.9998730421066284,False,outputs/Harmonic/runs/A1_seed2/mode_3/metrics.json
A1,3,3,2.5,2.1802823543548584,0.12788705825800548,1.4140606810112142,0.9998822212219238,False,outputs/Harmonic/runs/A1_seed3/mode_3/metrics.json
A1,4,3,2.5,2.1852545738220215,0.12589817047114105,1.4141674003064721,0.9998751878738403,False,outputs/Harmonic/runs/A1_seed4/mode_3/metrics.json
A1,0,4,3.5,2.152928352355957,0.38487761361247375,1.3247250116288192,0.9999428987503052,False,outputs/Harmonic/runs/A1_seed0/mode_4/metrics.json
A1,1,4,3.5,2.1389670372009277,0.38886656079962384,1.3010387482380592,0.9999648332595825,False,outputs/Harmonic/runs/A1_seed1/mode_4/metrics.json
A1,2,4,3.5,2.1544623374938965,0.38443933214449116,1.3282758067876075,0.9999332427978516,False,outputs/Harmonic/runs/A1_seed2/mode_4/metrics.json
A1,3,4,3.5,2.1560723781585693,0.3839793205260133,1.3297988849027251,0.9998713731765747,False,outputs/Harmonic/runs/A1_seed3/mode_4/metrics.json
A1,4,4,3.5,2.165438413619995,0.38130331039417814,1.3423314444869008,0.9999057054519653,False,outputs/Harmonic/runs/A1_seed4/mode_4/metrics.json
A1,0,5,4.5,2.277050495147705,0.49398877885595577,1.4141360828155822,0.999795138835907,False,outputs/Harmonic/runs/A1_seed0/mode_5/metrics.json
A1,1,5,4.5,2.2526323795318604,0.4994150267705867,1.4141708653621663,0.9999090433120728,False,outputs/Harmonic/runs/A1_seed1/mode_5/metrics.json
A1,2,5,4.5,2.2371251583099365,0.5028610759310135,1.4141333196058221,0.9997987747192383,False,outputs/Harmonic/runs/A1_seed2/mode_5/metrics.json
A1,3,5,4.5,2.2247133255004883,0.5056192609997792,1.4141520958228608,0.9998730421066284,False,outputs/Harmonic/runs/A1_seed3/mode_5/metrics.json
A1,4,5,4.5,2.1946167945861816,0.5123073789807346,1.414173536375742,0.9998959302902222,False,outputs/Harmonic/runs/A1_seed4/mode_5/metrics.json
A1,0,6,5.5,2.689819812774658,0.5109418522226965,1.4034808592988857,0.9997658729553223,False,outputs/Harmonic/runs/A1_seed0/mode_6/metrics.json
A1,1,6,5.5,2.5507164001464844,0.5362333817914507,1.402530423022407,0.9998403787612915,False,outputs/Harmonic/runs/A1_seed1/mode_6/metrics.json
A1,2,6,5.5,2.555976629257202,0.5352769764985932,1.4029118910017826,0.9998183846473694,False,outputs/Harmonic/runs/A1_seed2/mode_6/metrics.json
A1,3,6,5.5,2.553508758544922,0.5357256802644622,1.4034710434920636,0.9998512864112854,False,outputs/Harmonic/runs/A1_seed3/mode_6/metrics.json
A1,4,6,5.5,2.64974308013916,0.5182285308836948,1.4035744526223424,0.999823808670044,False,outputs/Harmonic/runs/A1_seed4/mode_6/metrics.json
A1,0,7,6.5,4.179160118103027,0.35705228952255624,1.4114936200504182,0.9992446899414062,False,outputs/Harmonic/runs/A1_seed0/mode_7/metrics.json
A1,1,7,6.5,4.130193710327148,0.36458558302653643,1.411819453326406,0.9992460012435913,False,outputs/Harmonic/runs/A1_seed1/mode_7/metrics.json
A1,2,7,6.5,4.206329345703125,0.3528724083533111,1.411106227911339,0.9993047714233398,False,outputs/Harmonic/runs/A1_seed2/mode_7/metrics.json
A1,3,7,6.5,3.366644859313965,0.4820546370285466,1.4138818332836358,0.9990760087966919,False,outputs/Harmonic/runs/A1_seed3/mode_7/metrics.json
A1,4,7,6.5,3.9273993968963623,0.3957847081697295,1.4062563061446411,0.9989700317382812,False,outputs/Harmonic/runs/A1_seed4/mode_7/metrics.json
A1,0,8,7.5,5.131108283996582,0.31585222880041364,1.386088212272919,0.9996212720870972,False,outputs/Harmonic/runs/A1_seed0/mode_8/metrics.json
A1,1,8,7.5,5.204412460327148,0.30607833862300604,1.3810515882212577,0.9997918605804443,False,outputs/Harmonic/runs/A1_seed1/mode_8/metrics.json
A1,2,8,7.5,5.226334095001221,0.3031554539997968,1.3873276654242355,0.9996199607849121,False,outputs/Harmonic/runs/A1_seed2/mode_8/metrics.json
A1,3,8,7.5,5.227740287780762,0.3029679616291914,1.3973735179284674,0.9992685317993164,False,outputs/Harmonic/runs/A1_seed3/mode_8/metrics.json
A1,4,8,7.5,5.205408573150635,0.3059455235798746,1.3801937756420655,0.9995355606079102,False,outputs/Harmonic/runs/A1_seed4/mode_8/metrics.json
A1,0,9,8.5,6.062820911407471,0.28672695159908734,1.4136885543504298,0.9985313415527344,False,outputs/Harmonic/runs/A1_seed0/mode_9/metrics.json
A1,1,9,8.5,6.169557094573975,0.27416975357950013,1.413657781860939,0.9984449148178101,False,outputs/Harmonic/runs/A1_seed1/mode_9/metrics.json
A1,2,9,8.5,5.924677848815918,0.30297907660985635,1.4136671722119296,0.9984849691390991,False,outputs/Harmonic/runs/A1_seed2/mode_9/metrics.json
A1,3,9,8.5,5.869907379150391,0.30942266127638823,1.4136908263628971,0.9985312223434448,False,outputs/Harmonic/runs/A1_seed3/mode_9/metrics.json
A1,4,9,8.5,5.872978210449219,0.3090613870059379,1.4136703549665726,0.9985432624816895,False,outputs/Harmonic/runs/A1_seed4/mode_9/metrics.json
A1,0,10,9.5,6.798237323760986,0.2843960711830241,1.4133485292728534,0.9982317686080933,False,outputs/Harmonic/runs/A1_seed0/mode_10/metrics.json
A1,1,10,9.5,6.381810665130615,0.3282304563020059,1.4105470121284989,0.998862624168396,False,outputs/Harmonic/runs/A1_seed1/mode_10/metrics.json
A1,2,10,9.5,6.594283580780029,0.30586488623364894,1.4132915278128733,0.9983203411102295,False,outputs/Harmonic/runs/A1_seed2/mode_10/metrics.json
A1,3,10,9.5,6.900358200073242,0.2736465052554194,1.4133709160075676,0.9981056451797485,False,outputs/Harmonic/runs/A1_seed3/mode_10/metrics.json
A1,4,10,9.5,6.662326812744141,0.29870244076374325,1.4134254586655057,0.9983845949172974,False,outputs/Harmonic/runs/A1_seed4/mode_10/metrics.json
A1,0,11,10.5,7.571235179901123,0.27892998286653314,1.4131351984721316,0.9970878958702087,False,outputs/Harmonic/runs/A1_seed0/mode_11/metrics.json
A1,1,11,10.5,8.143433570861816,0.22443489801313896,1.4060636431919087,0.9970793724060059,False,outputs/Harmonic/runs/A1_seed1/mode_11/metrics.json
A1,2,11,10.5,7.557213306427002,0.28026539938787787,1.4131607977810285,0.9970970153808594,False,outputs/Harmonic/runs/A1_seed2/mode_11/metrics.json
A1,3,11,10.5,8.04466438293457,0.23384148733954246,1.4068325773140964,0.9971396923065186,False,outputs/Harmonic/runs/A1_seed3/mode_11/metrics.json
A1,4,11,10.5,7.995960235595703,0.23847997756229128,1.4065382612786033,0.9971083402633667,False,outputs/Harmonic/runs/A1_seed4/mode_11/metrics.json
A1,0,12,11.5,8.824580192565918,0.2326452006464217,1.4000143812333377,0.9984424710273743,False,outputs/Harmonic/runs/A1_seed0/mode_12/metrics.json
A1,1,12,11.5,9.34661865234375,0.1872505519700924,1.4068021844419354,0.9965882897377014,False,outputs/Harmonic/runs/A1_seed1/mode_12/metrics.json
A1,2,12,11.5,9.414262771606445,0.18136845464290202,1.409990405148175,0.9971734285354614,False,outputs/Harmonic/runs/A1_seed2/mode_12/metrics.json
A1,3,12,11.5,8.403176307678223,0.2692890167236094,1.4089136793710448,0.9961628913879395,False,outputs/Harmonic/runs/A1_seed3/mode_12/metrics.json
A1,4,12,11.5,9.512493133544922,0.17282668403955698,1.407330233308479,0.9967758655548096,False,outputs/Harmonic/runs/A1_seed4/mode_12/metrics.json
A1,0,13,12.5,9.899137496948242,0.20806900024412397,1.4131977909160784,0.9972886443138123,False,outputs/Harmonic/runs/A1_seed0/mode_13/metrics.json
A1,1,13,12.5,10.241419792175293,0.1806864166259621,1.4126802773537168,0.9958351254463196,False,outputs/Harmonic/runs/A1_seed1/mode_13/metrics.json
A1,2,13,12.5,10.282282829284668,0.17741737365721236,1.4126985370523004,0.9958888292312622,False,outputs/Harmonic/runs/A1_seed2/mode_13/metrics.json
A1,3,13,12.5,10.203669548034668,0.18370643615721186,1.412665454069714,0.9957827925682068,False,outputs/Harmonic/runs/A1_seed3/mode_13/metrics.json
A1,4,13,12.5,9.514544486999512,0.23883644104001994,1.4103421897428787,0.9962314963340759,False,outputs/Harmonic/runs/A1_seed4/mode_13/metrics.json
A1,0,14,13.5,10.604866027832031,0.21445436830872253,1.4117163436807338,0.9965816736221313,False,outputs/Harmonic/runs/A1_seed0/mode_14/metrics.json
A1,1,14,13.5,10.286050796508789,0.2380703113697017,1.4122582416770872,0.9975235462188721,False,outputs/Harmonic/runs/A1_seed1/mode_14/metrics.json
A1,2,14,13.5,10.36059284210205,0.23254867836279383,1.409899725485959,0.9974769353866577,False,outputs/Harmonic/runs/A1_seed2/mode_14/metrics.json
A1,3,14,13.5,10.333958625793457,0.23452158327454137,1.411817574985317,0.9966649413108826,False,outputs/Harmonic/runs/A1_seed3/mode_14/metrics.json
A1,4,14,13.5,10.411858558654785,0.22875121787740638,1.4116447656030275,0.9965996742248535,False,outputs/Harmonic/runs/A1_seed4/mode_14/metrics.json
A1,0,15,14.5,11.728528022766113,0.19113599842991003,1.4117645115997972,0.9950588941574097,False,outputs/Harmonic/runs/A1_seed0/mode_15/metrics.json
A1,1,15,14.5,11.966591835021973,0.17471780448123123,1.4116896446512723,0.9948478937149048,False,outputs/Harmonic/runs/A1_seed1/mode_15/metrics.json
A1,2,15,14.5,11.716423034667969,0.19197082519529926,1.4117892764506002,0.995132327079773,False,outputs/Harmonic/runs/A1_seed2/mode_15/metrics.json
A1,3,15,14.5,11.707388877868652,0.1925938704918038,1.4117622360588633,0.9950571060180664,False,outputs/Harmonic/runs/A1_seed3/mode_15/metrics.json
A1,4,15,14.5,11.763922691345215,0.18869498680376529,1.411767349833173,0.9950697422027588,False,outputs/Harmonic/runs/A1_seed4/mode_15/metrics.json
A1,0,16,15.5,12.408653259277344,0.19944172520790043,1.4084691821170718,0.9946871399879456,False,outputs/Harmonic/runs/A1_seed0/mode_16/metrics.json
A1,1,16,15.5,12.845285415649414,0.17127190866776867,1.406760972678621,0.9942327737808228,False,outputs/Harmonic/runs/A1_seed1/mode_16/metrics.json
A1,2,16,15.5,13.15216064453125,0.1514735068044257,1.389949915176016,0.9946868419647217,False,outputs/Harmonic/runs/A1_seed2/mode_16/metrics.json
A1,3,16,15.5,13.119397163391113,0.1535872797812086,1.3915187216425273,0.9946510791778564,False,outputs/Harmonic/runs/A1_seed3/mode_16/metrics.json
A1,4,16,15.5,12.435042381286621,0.197739201207302,1.4070551836254444,0.9964271783828735,False,outputs/Harmonic/runs/A1_seed4/mode_16/metrics.json
A1,0,17,16.5,13.690229415893555,0.17028912630947124,1.4020352141984234,0.9933141469955444,False,outputs/Harmonic/runs/A1_seed0/mode_17/metrics.json
A1,1,17,16.5,13.893526077270508,0.15796811652905057,1.401853152286068,0.9933067560195923,False,outputs/Harmonic/runs/A1_seed1/mode_17/metrics.json
A1,2,17,16.5,13.937087059020996,0.15532805702902114,1.4018020297678033,0.9933254718780518,False,outputs/Harmonic/runs/A1_seed2/mode_17/metrics.json
A1,3,17,16.5,13.736602783203125,0.16747861919980048,1.4021029331401862,0.9933340549468994,False,outputs/Harmonic/runs/A1_seed3/mode_17/metrics.json
A1,4,17,16.5,13.765202522277832,0.16574530168012136,1.401844407130177,0.9932472109794617,False,outputs/Harmonic/runs/A1_seed4/mode_17/metrics.json
A1,0,18,17.5,14.362894058227539,0.17926319667270182,1.3986953028069007,0.9962586760520935,False,outputs/Harmonic/runs/A1_seed0/mode_18/metrics.json
A1,1,18,17.5,14.445588111877441,0.17453782217842195,1.3967834923363438,0.9961867928504944,False,outputs/Harmonic/runs/A1_seed1/mode_18/metrics.json
A1,2,18,17.5,14.86661148071289,0.1504793439592548,1.3794920896219598,0.9945605993270874,False,outputs/Harmonic/runs/A1_seed2/mode_18/metrics.json
A1,3,18,17.5,14.546902656555176,0.1687484196254089,1.3935053300111517,0.9964141845703125,False,outputs/Harmonic/runs/A1_seed3/mode_18/metrics.json
A1,4,18,17.5,14.49845027923584,0.17151712690079937,1.3955465412250565,0.9927124381065369,False,outputs/Harmonic/runs/A1_seed4/mode_18/metrics.json
A1,0,19,18.5,15.867216110229492,0.14231264269029004,1.3854390291018988,0.9917848110198975,False,outputs/Harmonic/runs/A1_seed0/mode_19/metrics.json
A1,1,19,18.5,15.911500930786133,0.13991886860614744,1.3859856621857658,0.9918173551559448,False,outputs/Harmonic/runs/A1_seed1/mode_19/metrics.json
A1,2,19,18.5,15.716897010803223,0.1504379994160339,1.3824073445594869,0.9918360710144043,False,outputs/Harmonic/runs/A1_seed2/mode_19/metrics.json
A1,3,19,18.5,15.71257209777832,0.15067177849846103,1.3825871562177965,0.9919384717941284,False,outputs/Harmonic/runs/A1_seed3/mode_19/metrics.json
A1,4,19,18.5,15.726325035095215,0.14992837648133164,1.3833074144273938,0.991898238658905,False,outputs/Harmonic/runs/A1_seed4/mode_19/metrics.json
A1,0,20,19.5,17.022153854370117,0.12706903310921824,1.3640490985527454,0.9925715923309326,False,outputs/Harmonic/runs/A1_seed0/mode_20/metrics.json
A1,1,20,19.5,16.34406089782715,0.16184303088065077,1.3544126763346969,0.9943689107894897,False,outputs/Harmonic/runs/A1_seed1/mode_20/metrics.json
A1,2,20,19.5,16.72285270690918,0.14241780990208605,1.3632131030221704,0.992250919342041,False,outputs/Harmonic/runs/A1_seed2/mode_20/metrics.json
A1,3,20,19.5,17.009592056274414,0.12771322788335684,1.351161488455317,0.9933966994285583,False,outputs/Harmonic/runs/A1_seed3/mode_20/metrics.json
A1,4,20,19.5,16.34204864501953,0.16194622333232345,1.3597653333758997,0.9950509071350098,False,outputs/Harmonic/runs/A1_seed4/mode_20/metrics.json
A2,0,1,0.5,0.7167667150497437,0.4335334300986203,0.0734590485736238,0.9998158812522888,False,outputs/Harmonic/runs/A2_seed0/mode_1/metrics.json
A2,1,1,0.5,0.7183972001075745,0.43679440021427535,0.06826485600477546,0.9997905492782593,False,outputs/Harmonic/runs/A2_seed1/mode_1/metrics.json
A2,2,1,0.5,0.7167965173721313,0.43359303474339556,0.0733883287735462,0.9998137354850769,False,outputs/Harmonic/runs/A2_seed2/mode_1/metrics.json
A2,3,1,0.5,0.7177823185920715,0.43556463718327193,0.07025027477316534,0.999800443649292,False,outputs/Harmonic/runs/A2_seed3/mode_1/metrics.json
A2,4,1,0.5,0.71677565574646,0.43355131149205284,0.07345982861145088,0.9998141527175903,False,outputs/Harmonic/runs/A2_seed4/mode_1/metrics.json
A2,0,2,1.5,2.146367073059082,0.43091138203910073,0.13552458126695982,0.9996907711029053,False,outputs/Harmonic/runs/A2_seed0/mode_2/metrics.json
A2,1,2,1.5,2.1445353031158447,0.4296902020769433,0.13968457790437283,0.9997135996818542,False,outputs/Harmonic/runs/A2_seed1/mode_2/metrics.json
A2,2,2,1.5,2.1442363262176514,0.42949088414481457,0.1402493431235573,0.9997168183326721,False,outputs/Harmonic/runs/A2_seed2/mode_2/metrics.json
A2,3,2,1.5,2.1440036296844482,0.42933575312267924,0.14102598613466538,0.9997189044952393,False,outputs/Harmonic/runs/A2_seed3/mode_2/metrics.json
A2,4,2,1.5,2.1436212062835693,0.42908080418876016,0.14163432393834147,0.9997215270996094,False,outputs/Harmonic/runs/A2_seed4/mode_2/metrics.json
A2,0,3,2.5,2.2545642852783203,0.0981742858886326,1.4141277363195752,0.9997956156730652,False,outputs/Harmonic/runs/A2_seed0/mode_3/metrics.json
A2,1,3,2.5,2.254427909851074,0.09822883605953102,1.4140971166930216,0.99979567527771,False,outputs/Harmonic/runs/A2_seed1/mode_3/metrics.json
A2,2,3,2.5,2.254211902618408,0.09831523895259739,1.4140992430601855,0.9997926950454712,False,outputs/Harmonic/runs/A2_seed2/mode_3/metrics.json
A2,3,3,2.5,2.25459885597229,0.09816045761104472,1.414107077024794,0.9997932314872742,False,outputs/Harmonic/runs/A2_seed3/mode_3/metrics.json
A2,4,3,2.5,2.254159927368164,0.09833602905269503,1.4141141174740481,0.9997986555099487,False,outputs/Harmonic/runs/A2_seed4/mode_3/metrics.json
A2,0,4,3.5,2.1682956218719482,0.3804869651793346,1.346084442919881,0.999893307685852,False,outputs/Harmonic/runs/A2_seed0/mode_4/metrics.json
A2,1,4,3.5,2.1616177558898926,0.38239492688849286,1.3375676692888427,0.9999346733093262,False,outputs/Harmonic/runs/A2_seed1/mode_4/metrics.json
A2,2,4,3.5,2.170422315597534,0.37987933840059596,1.3483305638239156,0.9998975992202759,False,outputs/Harmonic/runs/A2_seed2/mode_4/metrics.json
A2,3,4,3.5,2.1573007106781006,0.3836283683775759,1.3313279678843057,1.0026986598968506,False,outputs/Harmonic/runs/A2_seed3/mode_4/metrics.json
A2,4,4,3.5,2.1701979637145996,0.37994343893857724,1.3482465369756238,0.9999268651008606,False,outputs/Harmonic/runs/A2_seed4/mode_4/metrics.json
A2,0,5,4.5,2.424567699432373,0.4612071779038146,1.4142212774226708,1.0000333786010742,False,outputs/Harmonic/runs/A2_seed0/mode_5/metrics.json
A2,1,5,4.5,2.4186947345733643,0.4625122812058163,1.4141346202576446,0.9997783303260803,False,outputs/Harmonic/runs/A2_seed1/mode_5/metrics.json
A2,2,5,4.5,2.25788950920105,0.4982467757329893,1.414169877259221,0.9998778104782104,False,outputs/Harmonic/runs/A2_seed2/mode_5/metrics.json
A2,3,5,4.5,2.48990535736084,0.44668769836415856,1.4141381387306176,0.9997905492782593,False,outputs/Harmonic/runs/A2_seed3/mode_5/metrics.json
A2,4,5,4.5,2.2579545974731445,0.4982323116725238,1.4141415198802618,0.9997965693473816,False,outputs/Harmonic/runs/A2_seed4/mode_5/metrics.json
A2,0,6,5.5,2.501675844192505,0.5451498465103546,1.4012080770099735,0.9998388886451721,False,outputs/Harmonic/runs/A2_seed0/mode_6/metrics.json
A2,1,6,5.5,3.0444862842559814,0.446457039226104,1.4032580298378947,0.9996182918548584,False,outputs/Harmonic/runs/A2_seed1/mode_6/metrics.json
A2,2,6,5.5,2.7758290767669678,0.4953038042240976,1.4022524349847263,0.9997758269309998,False,outputs/Harmonic/runs/A2_seed2/mode_6/metrics.json
A2,3,6,5.5,2.524035930633545,0.541084376248348,1.4015031560642979,0.9997959136962891,False,outputs/Harmonic/runs/A2_seed3/mode_6/metrics.json
A2,4,6,5.5,2.6433141231536865,0.5193974321537808,1.4016919613085495,0.999726414680481,False,outputs/Harmonic/runs/A2_seed4/mode_6/metrics.json
A2,0,7,6.5,3.8896989822387695,0.4015847719632044,1.413582779180992,0.9984033107757568,False,outputs/Harmonic/runs/A2_seed0/mode_7/metrics.json
A2,1,7,6.5,3.4843332767486572,0.46394872665398135,1.4134154128062921,0.997745156288147,False,outputs/Harmonic/runs/A2_seed1/mode_7/metrics.json
A2,2,7,6.5,3.8822522163391113,0.40273042825545935,1.4135634633747418,0.9984207153320312,False,outputs/Harmonic/runs/A2_seed2/mode_7/metrics.json
A2,3,7,6.5,3.4182543754577637,0.4741147114679634,1.4138912942142006,0.9990887641906738,False,outputs/Harmonic/runs/A2_seed3/mode_7/metrics.json
A2,4,7,6.5,3.82204008102417,0.4119938336885259,1.4136833744934931,0.9985202550888062,False,outputs/Harmonic/runs/A2_seed4/mode_7/metrics.json
A2,0,8,7.5,5.494512557983398,0.2673983256021779,1.412419575241648,0.9990614056587219,False,outputs/Harmonic/runs/A2_seed0/mode_8/metrics.json
A2,1,8,7.5,5.499224662780762,0.26677004496252954,1.4126090956138821,0.9990532398223877,False,outputs/Harmonic/runs/A2_seed1/mode_8/metrics.json
A2,2,8,7.5,5.388347148895264,0.281553713480594,1.4125073884690762,0.9990575313568115,False,outputs/Harmonic/runs/A2_seed2/mode_8/metrics.json
A2,3,8,7.5,5.040791988372803,0.32789440155024924,1.412343251043452,0.9988740086555481,False,outputs/Harmonic/runs/A2_seed3/mode_8/metrics.json
A2,4,8,7.5,5.455352783203125,0.27261962890621366,1.4125794469557122,0.9990653991699219,False,outputs/Harmonic/runs/A2_seed4/mode_8/metrics.json
A2,0,9,8.5,6.1492018699646,0.27656448588648513,1.4136551545774225,0.9984537363052368,False,outputs/Harmonic/runs/A2_seed0/mode_9/metrics.json
A2,1,9,8.5,6.013472080230713,0.2925326964434111,1.4136972522312203,0.9985584616661072,False,outputs/Harmonic/runs/A2_seed1/mode_9/metrics.json
A2,2,9,8.5,5.848859786987305,0.3118988485896922,1.4136270850693855,0.9983624219894409,False,outputs/Harmonic/runs/A2_seed2/mode_9/metrics.json
A2,3,9,8.5,6.0151686668396,0.2923330980188362,1.4136657036074818,0.9985072612762451,False,outputs/Harmonic/runs/A2_seed3/mode_9/metrics.json
A2,4,9,8.5,6.406095027923584,0.24634176142072584,1.4136541258497495,0.9984327554702759,False,outputs/Harmonic/runs/A2_seed4/mode_9/metrics.json
A2,0,10,9.5,7.056321620941162,0.257229303058798,1.4129904498361485,0.9979017972946167,False,outputs/Harmonic/runs/A2_seed0/mode_10/metrics.json
A2,1,10,9.5,7.098583221435547,0.25278071353307374,1.4128453502583698,0.997839093208313,False,outputs/Harmonic/runs/A2_seed1/mode_10/metrics.json
A2,2,10,9.5,6.750458240509033,0.2894254483674397,1.4134383605467427,0.9982985854148865,False,outputs/Harmonic/runs/A2_seed2/mode_10/metrics.json
A2,3,10,9.5,6.648416519165039,0.3001666821931222,1.4135068921123704,0.9984180927276611,False,outputs/Harmonic/runs/A2_seed3/mode_10/metrics.json
A2,4,10,9.5,6.280853271484375,0.3388575503700301,1.4136389199829522,0.9987040758132935,False,outputs/Harmonic/runs/A2_seed4/mode_10/metrics.json
A2,0,11,10.5,7.59430456161499,0.2767328988937841,1.4131426052360136,0.9970121383666992,False,outputs/Harmonic/runs/A2_seed0/mode_11/metrics.json
A2,1,11,10.5,8.105857849121094,0.22801353817892173,1.40676267214311,0.9971407651901245,False,outputs/Harmonic/runs/A2_seed1/mode_11/metrics.json
A2,2,11,10.5,8.1632719039917,0.2225455329531503,1.4073510790548631,0.9972094297409058,False,outputs/Harmonic/runs/A2_seed2/mode_11/metrics.json
A2,3,11,10.5,7.725450038909912,0.26424285343712606,1.4126687639613864,0.9968270063400269,False,outputs/Harmonic/runs/A2_seed3/mode_11/metrics.json
A2,4,11,10.5,7.955660343170166,0.2423180625551992,1.4043378156891901,0.9969538450241089,False,outputs/Harmonic/runs/A2_seed4/mode_11/metrics.json
A2,0,12,11.5,8.744583129882812,0.23960146696669113,1.3891548601135137,0.9978170394897461,False,outputs/Harmonic/runs/A2_seed0/mode_12/metrics.json
A2,1,12,11.5,8.38466739654541,0.2708984872568973,1.4103396425466406,0.9964237809181213,False,outputs/Harmonic/runs/A2_seed1/mode_12/metrics.json
A2,2,12,11.5,8.170862197875977,0.2894902436629334,1.4106245341526618,0.9964416027069092,False,outputs/Harmonic/runs/A2_seed2/mode_12/metrics.json
A2,3,12,11.5,8.659953117370605,0.2469605984894911,1.3872392035559302,0.9979619979858398,False,outputs/Harmonic/runs/A2_seed3/mode_12/metrics.json
A2,4,12,11.5,9.02835750579834,0.21492543427838653,1.4084151287103042,0.9966570138931274,False,outputs/Harmonic/runs/A2_seed4/mode_12/metrics.json
A2,0,13,12.5,10.161251068115234,0.18709991455076627,1.4124542023693036,0.9953286647796631,False,outputs/Harmonic/runs/A2_seed0/mode_13/metrics.json
A2,1,13,12.5,10.003427505493164,0.1997257995605309,1.4131605923740835,0.9972728490829468,False,outputs/Harmonic/runs/A2_seed1/mode_13/metrics.json
A2,2,13,12.5,10.20223617553711,0.18382110595701653,1.4127911463387752,0.9961992502212524,False,outputs/Harmonic/runs/A2_seed2/mode_13/metrics.json
A2,3,13,12.5,10.302778244018555,0.17577774047850156,1.412700314666994,0.9958826303482056,False,outputs/Harmonic/runs/A2_seed3/mode_13/metrics.json
A2,4,13,12.5,10.229334831237793,0.18165321350096203,1.412645009851983,0.9957567453384399,False,outputs/Harmonic/runs/A2_seed4/mode_13/metrics.json
A2,0,14,13.5,10.733129501342773,0.2049533702708905,1.4025336038376373,0.9678990840911865,False,outputs/Harmonic/runs/A2_seed0/mode_14/metrics.json
A2,1,14,13.5,10.901299476623535,0.19249633506490907,1.4093497813995521,0.9956871271133423,False,outputs/Harmonic/runs/A2_seed1/mode_14/metrics.json
A2,2,14,13.5,10.702972412109375,0.20718722873262355,1.4008174673694527,0.9628838300704956,False,outputs/Harmonic/runs/A2_seed2/mode_14/metrics.json
A2,3,14,13.5,10.528319358825684,0.22012449193882194,1.4116479209229489,0.996483325958252,False,outputs/Harmonic/runs/A2_seed3/mode_14/metrics.json
A2,4,14,13.5,10.66319751739502,0.210133517229983,1.4111413787791052,0.9963781833648682,False,outputs/Harmonic/runs/A2_seed4/mode_14/metrics.json
A2,0,15,14.5,11.893527030944824,0.17975675648655146,1.4118231155150656,0.9956758618354797,False,outputs/Harmonic/runs/A2_seed0/mode_15/metrics.json
A2,1,15,14.5,11.613890647888184,0.19904202428355983,1.4118334446906102,0.9952502846717834,False,outputs/Harmonic/runs/A2_seed1/mode_15/metrics.json
A2,2,15,14.5,11.900924682617188,0.17924657361259538,1.4117343833340232,0.994971752166748,False,outputs/Harmonic/runs/A2_seed2/mode_15/metrics.json
A2,3,15,14.5,11.75997543334961,0.18896721149311735,1.4119288378441248,0.995518684387207,False,outputs/Harmonic/runs/A2_seed3/mode_15/metrics.json
A2,4,15,14.5,11.647100448608398,0.19675169319940722,1.4118069711655503,0.9951820373535156,False,outputs/Harmonic/runs/A2_seed4/mode_15/metrics.json
A2,0,16,15.5,12.2178316116333,0.2117527992494508,1.4066789390932999,0.995296835899353,False,outputs/Harmonic/runs/A2_seed0/mode_16/metrics.json
A2,1,16,15.5,12.258563995361328,0.2091249035250621,1.3935480193676544,0.9957278370857239,False,outputs/Harmonic/runs/A2_seed1/mode_16/metrics.json
A2,2,16,15.5,12.46988296508789,0.19549142160722024,1.3929051844569253,0.9459971189498901,False,outputs/Harmonic/runs/A2_seed2/mode_16/metrics.json
A2,3,16,15.5,12.180055618286133,0.21418996011055827,1.409026638050199,0.9949363470077515,False,outputs/Harmonic/runs/A2_seed3/mode_16/metrics.json
A2,4,16,15.5,12.39959716796875,0.20002598916329353,1.395590006742188,0.9534865617752075,False,outputs/Harmonic/runs/A2_seed4/mode_16/metrics.json
A2,0,17,16.5,13.967877388000488,0.1534619764848096,1.4019985792442407,0.9933526515960693,False,outputs/Harmonic/runs/A2_seed0/mode_17/metrics.json
A2,1,17,16.5,13.801373481750488,0.16355312231814234,1.4026241079176545,0.9935570955276489,False,outputs/Harmonic/runs/A2_seed1/mode_17/metrics.json
A2,2,17,16.5,13.855118751525879,0.16029583324084612,1.4028135761894869,0.9936171770095825,False,outputs/Harmonic/runs/A2_seed2/mode_17/metrics.json
A2,3,17,16.5,13.955013275146484,0.15424161968808253,1.402333665156831,0.9934701323509216,False,outputs/Harmonic/runs/A2_seed3/mode_17/metrics.json
A2,4,17,16.5,14.058443069458008,0.14797314730556632,1.4017490847928005,0.9933086633682251,False,outputs/Harmonic/runs/A2_seed4/mode_17/metrics.json
A2,0,18,17.5,14.499300956726074,0.17146851675850025,1.3958534999436103,0.9928897619247437,False,outputs/Harmonic/runs/A2_seed0/mode_18/metrics.json
A2,1,18,17.5,14.290538787841797,0.18339778355188685,1.396200183909047,0.992882490158081,False,outputs/Harmonic/runs/A2_seed1/mode_18/metrics.json
A2,2,18,17.5,14.310063362121582,0.18228209359304207,1.3777476580028902,0.9469757080078125,False,outputs/Harmonic/runs/A2_seed2/mode_18/metrics.json
A2,3,18,17.5,14.316000938415527,0.18194280351910233,1.3808164616193392,0.994711697101593,False,outputs/Harmonic/runs/A2_seed3/mode_18/metrics.json
A2,4,18,17.5,14.535058975219727,0.16942520141600595,1.3940639022574992,0.996326208114624,False,outputs/Harmonic/runs/A2_seed4/mode_18/metrics.json
A2,0,19,18.5,15.823720932006836,0.14466373340502808,1.3844016220472473,0.9918091297149658,False,outputs/Harmonic/runs/A2_seed0/mode_19/metrics.json
A2,1,19,18.5,15.958504676818848,0.13737812557735218,1.3868844032869905,0.9943478107452393,False,outputs/Harmonic/runs/A2_seed1/mode_19/metrics.json
A2,2,19,18.5,15.768912315368652,0.14762636133141624,1.3861389092028717,0.9922914505004883,False,outputs/Harmonic/runs/A2_seed2/mode_19/metrics.json
A2,3,19,18.5,15.733050346374512,0.1495648461419102,1.3722334105547762,0.9931666254997253,False,outputs/Harmonic/runs/A2_seed3/mode_19/metrics.json
A2,4,19,18.5,16.097139358520508,0.12988435899888445,1.3859684559319092,0.9917845726013184,False,outputs/Harmonic/runs/A2_seed4/mode_19/metrics.json
A2,0,20,19.5,16.162233352661133,0.1711675203763434,1.3522090300087477,0.9942296743392944,False,outputs/Harmonic/runs/A2_seed0/mode_20/metrics.json
A2,1,20,19.5,16.409040451049805,0.1585107461000019,1.350550052091078,0.993872880935669,False,outputs/Harmonic/runs/A2_seed1/mode_20/metrics.json
A2,2,20,19.5,16.30689811706543,0.16374881450945677,1.3635177463738652,0.9921953678131104,False,outputs/Harmonic/runs/A2_seed2/mode_20/metrics.json
A2,3,20,19.5,16.238086700439453,0.1672776051056605,1.3624635775737146,0.992006778717041,False,outputs/Harmonic/runs/A2_seed3/mode_20/metrics.json
A2,4,20,19.5,16.400022506713867,0.15897320478389612,1.3533016055195959,0.9930235147476196,False,outputs/Harmonic/runs/A2_seed4/mode_20/metrics.json
